Product_Name,Review
Tablet,Highly functional and affordable.
Fitness Tracker,Poor build quality.
Electric Scooter,"Excellent product, highly recommend."
Headphones,Delivery was delayed.
Smartphone,Works as advertised.
Smart Watch,Fantastic performance!
Wireless Earbuds,"Decent, but could be better."
Vacuum Cleaner,Easy to use and maintain.
Water Bottle,Fantastic performance!
Electric Scooter,"Excellent product, highly recommend."
Blender,Great value for the price.
Headphones,Absolutely love it!
Fitness Tracker,Easy to use and maintain.
Microwave Oven,Works as advertised.
Electric Scooter,Perfect for everyday use.
Water Bottle,"Decent, but could be better."
Electric Scooter,Would not buy again.
Espresso Machine,"Looks great, but lacks features."
Coffee Maker,Terrible experience.
Wireless Earbuds,"Excellent product, highly recommend."
Espresso Machine,Not worth the money.
Fitness Tracker,"Looks great, but lacks features."
Portable Speaker,"Excellent product, highly recommend."
Blender,Poor build quality.
Blender,"Excellent product, highly recommend."
Smart Watch,Poor build quality.
Coffee Maker,Great value for the price.
Wireless Earbuds,Very reliable and sturdy.
Hair Dryer,Not worth the money.
Air Purifier,Delivery was delayed.
Hair Dryer,Poor build quality.
Electric Scooter,Stopped working after a week.
Headphones,Terrible experience.
Portable Speaker,Stopped working after a week.
Fitness Tracker,Fantastic performance!
Electric Scooter,"Looks great, but lacks features."
Fitness Tracker,Would not buy again.
Wireless Earbuds,Great value for the price.
Headphones,Absolutely love it!
Smart Watch,Fantastic performance!
Microwave Oven,Stopped working after a week.
Gaming Console,Great value for the price.
Hair Dryer,Easy to use and maintain.
Portable Speaker,Exceeded my expectations.
Blender,Great value for the price.
Blender,Highly functional and affordable.
Wireless Earbuds,Perfect for everyday use.
Hair Dryer,Not worth the money.
Gaming Console,Great value for the price.
Hair Dryer,Absolutely love it!
Water Bottle,Would not buy again.
Blender,Customer service was unhelpful.
4K TV,Not worth the money.
Water Bottle,Would not buy again.
Microwave Oven,Easy to use and maintain.
Laptop,Would not buy again.
Portable Speaker,Very reliable and sturdy.
Fitness Tracker,"Excellent product, highly recommend."
Hair Dryer,Disappointed overall.
Vacuum Cleaner,Terrible experience.
Smart Watch,Absolutely love it!
Smartphone,Terrible experience.
Fitness Tracker,Would not buy again.
Gaming Console,Stopped working after a week.
Air Purifier,Highly functional and affordable.
Portable Speaker,Not worth the money.
Blender,Not worth the money.
Gaming Console,Not worth the money.
Smart Watch,Very reliable and sturdy.
4K TV,Customer service was unhelpful.
Smartphone,Works as advertised.
Smart Watch,"Looks great, but lacks features."
Water Bottle,Customer service was unhelpful.
Microwave Oven,Great value for the price.
Air Purifier,Stopped working after a week.
Electric Scooter,Delivery was delayed.
Wireless Earbuds,Perfect for everyday use.
Laptop,Poor build quality.
Wireless Earbuds,Exceeded my expectations.
4K TV,Exceeded my expectations.
Coffee Maker,Fantastic performance!
Electric Scooter,Would not buy again.
Electric Scooter,Great value for the price.
Fitness Tracker,Exceeded my expectations.
Wireless Earbuds,Easy to use and maintain.
Blender,Delivery was delayed.
Gaming Console,Highly functional and affordable.
Smart Watch,Exceeded my expectations.
Wireless Earbuds,Terrible experience.
Hair Dryer,Exceeded my expectations.
4K TV,Works as advertised.
Headphones,Very reliable and sturdy.
Blender,Not worth the money.
Camera,Stopped working after a week.
Microwave Oven,Customer service was unhelpful.
Wireless Earbuds,Highly functional and affordable.
Smart Watch,Very reliable and sturdy.
Electric Scooter,Great value for the price.
Water Bottle,Absolutely love it!
Gaming Console,Not worth the money.
4K TV,"Decent, but could be better."
Air Purifier,Disappointed overall.
Microwave Oven,"Decent, but could be better."
4K TV,Terrible experience.
Air Purifier,Customer service was unhelpful.
Fitness Tracker,Would not buy again.
Gaming Console,Exceeded my expectations.
Blender,"Excellent product, highly recommend."
Portable Speaker,Easy to use and maintain.
Headphones,Delivery was delayed.
Wireless Earbuds,Terrible experience.
Smartphone,Poor build quality.
Air Purifier,Works as advertised.
Air Purifier,Very reliable and sturdy.
Laptop,"Decent, but could be better."
Air Purifier,Absolutely love it!
Smartphone,Not worth the money.
Gaming Console,Absolutely love it!
Microwave Oven,"Decent, but could be better."
Smartphone,Stopped working after a week.
Headphones,Great value for the price.
Wireless Earbuds,Not worth the money.
Microwave Oven,Great value for the price.
Smartphone,Very reliable and sturdy.
Vacuum Cleaner,Easy to use and maintain.
Microwave Oven,Highly functional and affordable.
4K TV,"Decent, but could be better."
Water Bottle,Terrible experience.
Microwave Oven,"Excellent product, highly recommend."
Hair Dryer,"Excellent product, highly recommend."
Coffee Maker,Great value for the price.
Water Bottle,Works as advertised.
Blender,Not worth the money.
4K TV,Works as advertised.
Smart Watch,Stopped working after a week.
Fitness Tracker,Perfect for everyday use.
Microwave Oven,Works as advertised.
Electric Scooter,Poor build quality.
Air Purifier,Perfect for everyday use.
4K TV,Perfect for everyday use.
Coffee Maker,"Excellent product, highly recommend."
Headphones,Highly functional and affordable.
Air Purifier,Absolutely love it!
Tablet,Works as advertised.
Vacuum Cleaner,Highly functional and affordable.
Fitness Tracker,Absolutely love it!
Wireless Earbuds,Not worth the money.
Hair Dryer,Very reliable and sturdy.
Wireless Earbuds,Easy to use and maintain.
Air Purifier,Disappointed overall.
Hair Dryer,Very reliable and sturdy.
Electric Scooter,Absolutely love it!
Camera,Exceeded my expectations.
Smart Watch,Terrible experience.
Electric Scooter,Poor build quality.
Gaming Console,Delivery was delayed.
Blender,Would not buy again.
Hair Dryer,Easy to use and maintain.
Smart Watch,Would not buy again.
Smart Watch,Poor build quality.
Camera,"Excellent product, highly recommend."
Air Purifier,Works as advertised.
Gaming Console,Delivery was delayed.
Fitness Tracker,"Excellent product, highly recommend."
Coffee Maker,Delivery was delayed.
Portable Speaker,Perfect for everyday use.
Water Bottle,Poor build quality.
Headphones,Delivery was delayed.
Wireless Earbuds,"Excellent product, highly recommend."
Tablet,Perfect for everyday use.
Hair Dryer,"Decent, but could be better."
Gaming Console,Disappointed overall.
Fitness Tracker,"Excellent product, highly recommend."
Smart Watch,Delivery was delayed.
Water Bottle,Stopped working after a week.
Wireless Earbuds,Not worth the money.
Hair Dryer,"Decent, but could be better."
Blender,Poor build quality.
Portable Speaker,Terrible experience.
Blender,Absolutely love it!
Tablet,Would not buy again.
Hair Dryer,Perfect for everyday use.
Fitness Tracker,"Decent, but could be better."
Vacuum Cleaner,Not worth the money.
Portable Speaker,Great value for the price.
Tablet,"Excellent product, highly recommend."
Electric Scooter,Stopped working after a week.
Smartphone,Not worth the money.
Gaming Console,Exceeded my expectations.
Laptop,Perfect for everyday use.
Headphones,Customer service was unhelpful.
Portable Speaker,Delivery was delayed.
Vacuum Cleaner,Terrible experience.
Electric Scooter,Delivery was delayed.
Microwave Oven,Customer service was unhelpful.
Fitness Tracker,Very reliable and sturdy.
Smart Watch,Terrible experience.
Smart Watch,Very reliable and sturdy.
Microwave Oven,Fantastic performance!
Coffee Maker,Exceeded my expectations.
Gaming Console,Fantastic performance!
Smart Watch,Would not buy again.
Portable Speaker,Exceeded my expectations.
Camera,Delivery was delayed.
Vacuum Cleaner,Stopped working after a week.
Portable Speaker,Stopped working after a week.
Smartphone,Stopped working after a week.
Headphones,Very reliable and sturdy.
Water Bottle,Customer service was unhelpful.
4K TV,Perfect for everyday use.
Gaming Console,"Looks great, but lacks features."
Air Purifier,Not worth the money.
Coffee Maker,Delivery was delayed.
Smart Watch,Stopped working after a week.
Gaming Console,Terrible experience.
Laptop,Highly functional and affordable.
Headphones,Fantastic performance!
Electric Scooter,Exceeded my expectations.
Water Bottle,"Excellent product, highly recommend."
Hair Dryer,Poor build quality.
Coffee Maker,Stopped working after a week.
Fitness Tracker,Works as advertised.
4K TV,Customer service was unhelpful.
Camera,Terrible experience.
Tablet,Works as advertised.
Coffee Maker,Easy to use and maintain.
Blender,"Excellent product, highly recommend."
Gaming Console,Exceeded my expectations.
Coffee Maker,Stopped working after a week.
Air Purifier,Exceeded my expectations.
Air Purifier,Works as advertised.
Laptop,Perfect for everyday use.
Blender,Highly functional and affordable.
Blender,Absolutely love it!
Wireless Earbuds,Exceeded my expectations.
Headphones,Absolutely love it!
Blender,Highly functional and affordable.
Microwave Oven,"Looks great, but lacks features."
Coffee Maker,"Looks great, but lacks features."
Fitness Tracker,Fantastic performance!
Smartphone,Would not buy again.
Portable Speaker,Delivery was delayed.
Portable Speaker,Poor build quality.
Smart Watch,Would not buy again.
Fitness Tracker,"Looks great, but lacks features."
Air Purifier,Exceeded my expectations.
Blender,Great value for the price.
Air Purifier,Delivery was delayed.
Espresso Machine,Not worth the money.
Smartphone,Exceeded my expectations.
Espresso Machine,Disappointed overall.
Air Purifier,Customer service was unhelpful.
Smart Watch,Very reliable and sturdy.
Smart Watch,Very reliable and sturdy.
Espresso Machine,Disappointed overall.
Blender,Poor build quality.
Gaming Console,"Looks great, but lacks features."
Vacuum Cleaner,"Decent, but could be better."
Blender,"Looks great, but lacks features."
Electric Scooter,"Looks great, but lacks features."
Air Purifier,Very reliable and sturdy.
Coffee Maker,Fantastic performance!
Air Purifier,Delivery was delayed.
Laptop,Perfect for everyday use.
Camera,Disappointed overall.
Wireless Earbuds,Highly functional and affordable.
Vacuum Cleaner,Very reliable and sturdy.
Vacuum Cleaner,Exceeded my expectations.
Smart Watch,Disappointed overall.
Fitness Tracker,Very reliable and sturdy.
Smart Watch,Exceeded my expectations.
Microwave Oven,Stopped working after a week.
Gaming Console,Would not buy again.
Laptop,Would not buy again.
Microwave Oven,Absolutely love it!
Microwave Oven,"Decent, but could be better."
Wireless Earbuds,Exceeded my expectations.
Coffee Maker,Perfect for everyday use.
4K TV,Absolutely love it!
Tablet,Not worth the money.
Laptop,Very reliable and sturdy.
Blender,Stopped working after a week.
Fitness Tracker,"Looks great, but lacks features."
Coffee Maker,Stopped working after a week.
Vacuum Cleaner,Exceeded my expectations.
Camera,Exceeded my expectations.
Electric Scooter,Great value for the price.
Electric Scooter,Very reliable and sturdy.
Smart Watch,Disappointed overall.
4K TV,Terrible experience.
Tablet,Great value for the price.
Gaming Console,Easy to use and maintain.
Water Bottle,Not worth the money.
Smartphone,Great value for the price.
Headphones,Fantastic performance!
Microwave Oven,Not worth the money.
4K TV,Disappointed overall.
Hair Dryer,Absolutely love it!
Gaming Console,Exceeded my expectations.
Smart Watch,Poor build quality.
Tablet,Customer service was unhelpful.
Headphones,Very reliable and sturdy.
Tablet,Terrible experience.
Smartphone,Disappointed overall.
Smart Watch,"Excellent product, highly recommend."
Camera,"Excellent product, highly recommend."
Espresso Machine,Disappointed overall.
Vacuum Cleaner,Customer service was unhelpful.
Smart Watch,Exceeded my expectations.
Hair Dryer,Customer service was unhelpful.
Microwave Oven,Exceeded my expectations.
Portable Speaker,Highly functional and affordable.
Headphones,Terrible experience.
Smart Watch,"Excellent product, highly recommend."
Laptop,Fantastic performance!
Water Bottle,"Decent, but could be better."
Laptop,"Looks great, but lacks features."
Camera,Exceeded my expectations.
Smartphone,"Looks great, but lacks features."
Water Bottle,"Looks great, but lacks features."
Hair Dryer,Very reliable and sturdy.
Smartphone,Would not buy again.
Gaming Console,Great value for the price.
Espresso Machine,Highly functional and affordable.
Tablet,Poor build quality.
Vacuum Cleaner,"Excellent product, highly recommend."
Water Bottle,Great value for the price.
Air Purifier,Not worth the money.
Air Purifier,"Decent, but could be better."
Gaming Console,Works as advertised.
Headphones,"Looks great, but lacks features."
Camera,Fantastic performance!
Coffee Maker,Customer service was unhelpful.
Espresso Machine,"Excellent product, highly recommend."
Microwave Oven,"Decent, but could be better."
Wireless Earbuds,Works as advertised.
Camera,Great value for the price.
Hair Dryer,Customer service was unhelpful.
Water Bottle,Not worth the money.
Vacuum Cleaner,Highly functional and affordable.
Hair Dryer,Terrible experience.
Hair Dryer,"Looks great, but lacks features."
Electric Scooter,"Excellent product, highly recommend."
Gaming Console,Highly functional and affordable.
Air Purifier,Delivery was delayed.
Portable Speaker,Fantastic performance!
Smart Watch,Highly functional and affordable.
Gaming Console,Would not buy again.
Hair Dryer,Delivery was delayed.
Headphones,"Decent, but could be better."
Hair Dryer,Exceeded my expectations.
Microwave Oven,Stopped working after a week.
Wireless Earbuds,"Excellent product, highly recommend."
Smartphone,Terrible experience.
Portable Speaker,Easy to use and maintain.
4K TV,Absolutely love it!
Blender,Terrible experience.
Wireless Earbuds,Delivery was delayed.
Portable Speaker,Works as advertised.
Wireless Earbuds,"Excellent product, highly recommend."
Espresso Machine,"Decent, but could be better."
Camera,Poor build quality.
Blender,Exceeded my expectations.
Blender,"Looks great, but lacks features."
Smart Watch,"Excellent product, highly recommend."
Smartphone,Perfect for everyday use.
Water Bottle,"Excellent product, highly recommend."
Coffee Maker,Easy to use and maintain.
Tablet,"Excellent product, highly recommend."
Fitness Tracker,Stopped working after a week.
Coffee Maker,"Decent, but could be better."
Vacuum Cleaner,Absolutely love it!
Vacuum Cleaner,Perfect for everyday use.
Hair Dryer,Stopped working after a week.
Tablet,Absolutely love it!
Hair Dryer,Poor build quality.
Smartphone,Very reliable and sturdy.
Electric Scooter,Customer service was unhelpful.
Fitness Tracker,Delivery was delayed.
Blender,Works as advertised.
Smart Watch,"Looks great, but lacks features."
Air Purifier,Poor build quality.
Espresso Machine,Poor build quality.
Air Purifier,Exceeded my expectations.
Blender,Very reliable and sturdy.
Camera,Customer service was unhelpful.
Vacuum Cleaner,Exceeded my expectations.
Smartphone,"Looks great, but lacks features."
Tablet,"Looks great, but lacks features."
Portable Speaker,Works as advertised.
Blender,"Excellent product, highly recommend."
Blender,"Looks great, but lacks features."
Blender,Exceeded my expectations.
Wireless Earbuds,"Looks great, but lacks features."
Wireless Earbuds,Great value for the price.
4K TV,Customer service was unhelpful.
Headphones,Very reliable and sturdy.
Espresso Machine,Poor build quality.
Gaming Console,Would not buy again.
Camera,Highly functional and affordable.
Hair Dryer,Customer service was unhelpful.
Electric Scooter,Not worth the money.
Wireless Earbuds,Works as advertised.
Laptop,Delivery was delayed.
Fitness Tracker,Fantastic performance!
Smartphone,Highly functional and affordable.
Coffee Maker,Poor build quality.
Electric Scooter,Great value for the price.
Headphones,Would not buy again.
Portable Speaker,Very reliable and sturdy.
Hair Dryer,Delivery was delayed.
Microwave Oven,"Looks great, but lacks features."
Electric Scooter,Easy to use and maintain.
Smartphone,Delivery was delayed.
Vacuum Cleaner,Absolutely love it!
Tablet,Terrible experience.
Headphones,Disappointed overall.
Tablet,Not worth the money.
Espresso Machine,"Decent, but could be better."
Gaming Console,Highly functional and affordable.
Fitness Tracker,Absolutely love it!
Wireless Earbuds,Fantastic performance!
Tablet,Poor build quality.
4K TV,Delivery was delayed.
Wireless Earbuds,Would not buy again.
Fitness Tracker,Stopped working after a week.
Water Bottle,Highly functional and affordable.
Wireless Earbuds,Easy to use and maintain.
Water Bottle,Not worth the money.
Laptop,Delivery was delayed.
Smart Watch,Not worth the money.
Fitness Tracker,Terrible experience.
Gaming Console,Would not buy again.
Headphones,Would not buy again.
Hair Dryer,Not worth the money.
Smartphone,Absolutely love it!
Smart Watch,Terrible experience.
Smart Watch,Delivery was delayed.
Vacuum Cleaner,Highly functional and affordable.
Wireless Earbuds,Highly functional and affordable.
Blender,Absolutely love it!
Headphones,Perfect for everyday use.
Wireless Earbuds,Disappointed overall.
Air Purifier,Disappointed overall.
Microwave Oven,Delivery was delayed.
Tablet,"Looks great, but lacks features."
Coffee Maker,Terrible experience.
Espresso Machine,Perfect for everyday use.
Smart Watch,Highly functional and affordable.
Fitness Tracker,"Decent, but could be better."
Hair Dryer,Very reliable and sturdy.
Smart Watch,"Decent, but could be better."
Hair Dryer,"Looks great, but lacks features."
Water Bottle,Absolutely love it!
Blender,Highly functional and affordable.
Air Purifier,Not worth the money.
Air Purifier,Great value for the price.
Smartphone,Fantastic performance!
Blender,Customer service was unhelpful.
Espresso Machine,Perfect for everyday use.
Electric Scooter,Poor build quality.
Headphones,Delivery was delayed.
Headphones,Exceeded my expectations.
Coffee Maker,Great value for the price.
Espresso Machine,Exceeded my expectations.
Electric Scooter,Not worth the money.
Air Purifier,Fantastic performance!
Air Purifier,Terrible experience.
Smart Watch,Perfect for everyday use.
Blender,Terrible experience.
Vacuum Cleaner,"Excellent product, highly recommend."
Vacuum Cleaner,Disappointed overall.
Coffee Maker,"Looks great, but lacks features."
4K TV,Not worth the money.
Fitness Tracker,Would not buy again.
Espresso Machine,Highly functional and affordable.
Blender,"Decent, but could be better."
Camera,"Excellent product, highly recommend."
Electric Scooter,Easy to use and maintain.
Tablet,Works as advertised.
Portable Speaker,Easy to use and maintain.
Hair Dryer,Works as advertised.
Gaming Console,Disappointed overall.
Electric Scooter,Easy to use and maintain.
Microwave Oven,Customer service was unhelpful.
Blender,"Decent, but could be better."
Camera,Very reliable and sturdy.
Coffee Maker,Delivery was delayed.
Tablet,Very reliable and sturdy.
Coffee Maker,Great value for the price.
Tablet,Exceeded my expectations.
Coffee Maker,Exceeded my expectations.
Headphones,"Decent, but could be better."
Hair Dryer,Exceeded my expectations.
Wireless Earbuds,Absolutely love it!
Smart Watch,Not worth the money.
Blender,Very reliable and sturdy.
Smart Watch,Exceeded my expectations.
Vacuum Cleaner,Perfect for everyday use.
Espresso Machine,Terrible experience.